{"client 0:loss": 4.29102583084933, "_timestamp": 1747799460.2996752, "_runtime": 217.57928824424744, "_step": 2717, "client 0:acc": 46.539724236010564, "client 1:loss": 12.073322578795176, "client 1:acc": 81.6997277383348, "client 2:loss": 3.4493891387088804, "client 2:acc": 47.959455854894635, "client 3:loss": 12.318930209716621, "client 3:acc": 46.9364161849711, "client 4:loss": 4.409243825502511, "client 4:acc": 58.69644818188986, "client 5:loss": 2.903226726323512, "client 5:acc": 66.9657422437559, "client 6:loss": 3.8739476248517413, "client 6:acc": 42.50974279033515, "client 7:loss": 4.108862170123237, "client 7:acc": 55.866842442149775, "client 8:loss": 15.146926127798189, "client 8:acc": 74.3140243902439, "_wandb": {"runtime": 216}}