{"client 0:loss": 3.63941253930115, "_timestamp": 1747800610.914828, "_runtime": 902.6639590263367, "_step": 9841, "client 0:acc": 52.974392654609304, "client 1:loss": 5.929978454312384, "client 1:acc": 84.0723453730936, "client 2:loss": 2.833483296096977, "client 2:acc": 51.933849024371995, "client 3:loss": 5.748739461402673, "client 3:acc": 49.36416136019492, "client 4:loss": 3.191022753715515, "client 4:acc": 61.439732142857146, "client 5:loss": 2.20741237279447, "client 5:acc": 70.35889065417341, "client 6:loss": 3.281928656422711, "client 6:acc": 47.70070148090413, "client 7:loss": 2.544180899445918, "client 7:acc": 65.72181948094126, "client 8:loss": 9.000324171921475, "client 8:acc": 75.40633721884748, "client 9:loss": 2.6800410698023884, "client 9:acc": 66.08617996450886, "VAE_Server_test": 20.73, "VAE_Server_total_acc": 20.666309286348785, "_wandb": {"runtime": 901}}