{"client 0:loss": 4.271653727207697, "_timestamp": 1747799696.931173, "_runtime": 223.41885614395142, "_step": 3291, "client 0:acc": 46.02757715486963, "client 1:loss": 12.068818633540602, "client 1:acc": 82.03033839566659, "client 2:loss": 3.4599866807285897, "client 2:acc": 48.74633235529475, "client 3:loss": 12.393477025886492, "client 3:acc": 46.47398843930636, "client 4:loss": 4.295478770166297, "client 4:acc": 59.24569754109894, "client 5:loss": 2.9472046535516836, "client 5:acc": 67.11256117206219, "client 6:loss": 3.8828692189437377, "client 6:acc": 42.431800467653936, "client 7:loss": 3.93861239476666, "client 7:acc": 54.680290036085175, "client 8:loss": 14.83858987604372, "client 8:acc": 74.81530126290767, "client 9:loss": 3.545133194877623, "client 9:acc": 61.26367491892231, "VAE_Server_test": 10.0, "VAE_Server_total_acc": 11.068787855632472, "_wandb": {"runtime": 222}}