{"client 0:loss": 4.142107823547844, "_timestamp": 1747801011.9602163, "_runtime": 260.7487382888794, "_step": 4089, "client 0:acc": 44.88509521484375, "client 1:loss": 9.24990031154459, "client 1:acc": 82.30260597208232, "client 2:loss": 3.4568979715340675, "client 2:acc": 48.226193651640436, "client 3:loss": 12.66403835880963, "client 3:acc": 49.47976878612717, "client 4:loss": 4.2769006076464935, "client 4:acc": 59.90479677214984, "client 5:loss": 2.7833795036421707, "client 5:acc": 66.7210440431878, "client 6:loss": 3.9180714447797507, "client 6:acc": 41.76149648962222, "client 7:loss": 3.8944474225305146, "client 7:acc": 55.07580750477337, "client 8:loss": 14.911101264997454, "client 8:acc": 74.65112460882787, "client 9:loss": 3.5516230853494455, "client 9:acc": 61.107390033903336, "VAE_Server_test": 10.0, "VAE_Server_total_acc": 11.068787855632472, "_wandb": {"runtime": 278}}