{"client 0:loss": 3.496713612256517, "_timestamp": 1747804301.5064607, "_runtime": 3214.9087126255035, "_step": 48369, "client 0:acc": 53.81483913479239, "client 1:loss": 5.532231712934805, "client 1:acc": 84.0723453730936, "client 2:loss": 2.6978624737653836, "client 2:acc": 53.02747399306482, "client 3:loss": 4.569146133433876, "client 3:acc": 58.15028901734104, "client 4:loss": 2.9472237983844694, "client 4:acc": 63.60307579082432, "client 5:loss": 2.062983699101608, "client 5:acc": 71.66394779522695, "client 6:loss": 3.1550363653261777, "client 6:acc": 49.41543257989088, "client 7:loss": 2.4129695732026173, "client 7:acc": 65.98549766766844, "client 8:loss": 8.575240384140853, "client 8:acc": 75.91528484524225, "client 9:loss": 2.590001562605694, "client 9:acc": 65.84058942409412, "VAE_Server_test": 23.07, "VAE_Server_total_acc": 23.717616457658423, "_wandb": {"runtime": 3224}}